{
    "name": "root",
    "gauges": {
        "Drone.Policy.Entropy.mean": {
            "value": 1.3411684036254883,
            "min": 1.3410011529922485,
            "max": 1.4136401414871216,
            "count": 636
        },
        "Drone.Policy.Entropy.sum": {
            "value": 37289.84765625,
            "min": 10564.1328125,
            "max": 48690.80078125,
            "count": 636
        },
        "Drone.Environment.EpisodeLength.mean": {
            "value": 999.0,
            "min": 134.6,
            "max": 999.0,
            "count": 636
        },
        "Drone.Environment.EpisodeLength.sum": {
            "value": 29970.0,
            "min": 6057.0,
            "max": 30999.0,
            "count": 636
        },
        "Drone.Step.mean": {
            "value": 19139562.0,
            "min": 89935.0,
            "max": 19139562.0,
            "count": 636
        },
        "Drone.Step.sum": {
            "value": 19139562.0,
            "min": 89935.0,
            "max": 19139562.0,
            "count": 636
        },
        "Drone.Policy.ExtrinsicValueEstimate.mean": {
            "value": 199.12008666992188,
            "min": 9.229903221130371,
            "max": 199.976318359375,
            "count": 636
        },
        "Drone.Policy.ExtrinsicValueEstimate.sum": {
            "value": 5973.6025390625,
            "min": 406.11572265625,
            "max": 7089.4638671875,
            "count": 636
        },
        "Drone.Policy.GailValueEstimate.mean": {
            "value": 0.2724481225013733,
            "min": 0.1522260457277298,
            "max": 11.279389381408691,
            "count": 636
        },
        "Drone.Policy.GailValueEstimate.sum": {
            "value": 8.173443794250488,
            "min": 4.566781520843506,
            "max": 1223.57568359375,
            "count": 636
        },
        "Drone.Environment.CumulativeReward.mean": {
            "value": 996.034248860677,
            "min": 96.49256719242443,
            "max": 997.9421895345052,
            "count": 636
        },
        "Drone.Environment.CumulativeReward.sum": {
            "value": 29881.027465820312,
            "min": 4245.672956466675,
            "max": 30794.08184814453,
            "count": 636
        },
        "Drone.Policy.ExtrinsicReward.mean": {
            "value": 996.034248860677,
            "min": 96.49256719242443,
            "max": 997.9421895345052,
            "count": 636
        },
        "Drone.Policy.ExtrinsicReward.sum": {
            "value": 29881.027465820312,
            "min": 4245.672956466675,
            "max": 30794.08184814453,
            "count": 636
        },
        "Drone.Policy.GailReward.mean": {
            "value": 2.4044212887684506,
            "min": 1.4336083074410757,
            "max": 91.95516037940979,
            "count": 636
        },
        "Drone.Policy.GailReward.sum": {
            "value": 72.13263866305351,
            "min": 43.00824922323227,
            "max": 6851.543156147003,
            "count": 636
        },
        "Drone.IsTraining.mean": {
            "value": 1.0,
            "min": 1.0,
            "max": 1.0,
            "count": 636
        },
        "Drone.IsTraining.sum": {
            "value": 1.0,
            "min": 1.0,
            "max": 1.0,
            "count": 636
        },
        "Drone.Losses.PolicyLoss.mean": {
            "value": 0.016126490123861005,
            "min": 0.010409716074354947,
            "max": 0.022712984514267495,
            "count": 635
        },
        "Drone.Losses.PolicyLoss.sum": {
            "value": 0.03225298024772201,
            "min": 0.010409716074354947,
            "max": 0.0446852078816543,
            "count": 635
        },
        "Drone.Losses.ValueLoss.mean": {
            "value": 0.31814065923293433,
            "min": 0.14498563930392266,
            "max": 207.77793986002604,
            "count": 635
        },
        "Drone.Losses.ValueLoss.sum": {
            "value": 0.6362813184658687,
            "min": 0.14498563930392266,
            "max": 314.3096351623535,
            "count": 635
        },
        "Drone.Policy.LearningRate.mean": {
            "value": 3.623985709354e-05,
            "min": 3.623985709354e-05,
            "max": 9.965194701472005e-05,
            "count": 635
        },
        "Drone.Policy.LearningRate.sum": {
            "value": 7.247971418708e-05,
            "min": 3.634485698854001e-05,
            "max": 0.00019909873090127,
            "count": 635
        },
        "Drone.Policy.Epsilon.mean": {
            "value": 0.20000000000000007,
            "min": 0.20000000000000007,
            "max": 0.20000000000000007,
            "count": 635
        },
        "Drone.Policy.Epsilon.sum": {
            "value": 0.40000000000000013,
            "min": 0.20000000000000007,
            "max": 0.40000000000000013,
            "count": 635
        },
        "Drone.Policy.Beta.mean": {
            "value": 0.0010000000000000002,
            "min": 0.0010000000000000002,
            "max": 0.0010000000000000002,
            "count": 635
        },
        "Drone.Policy.Beta.sum": {
            "value": 0.0020000000000000005,
            "min": 0.0010000000000000002,
            "max": 0.0020000000000000005,
            "count": 635
        },
        "Drone.Policy.GAILPolicyEstimate.mean": {
            "value": 0.004296898050233722,
            "min": 0.002600947852867345,
            "max": 0.2825088252623876,
            "count": 635
        },
        "Drone.Policy.GAILPolicyEstimate.sum": {
            "value": 0.008593796100467444,
            "min": 0.002600947852867345,
            "max": 0.4589172194401423,
            "count": 635
        },
        "Drone.Policy.GAILExpertEstimate.mean": {
            "value": 0.9889637569586436,
            "min": 0.6995293080806733,
            "max": 0.9899477779865264,
            "count": 635
        },
        "Drone.Policy.GAILExpertEstimate.sum": {
            "value": 1.9779275139172872,
            "min": 0.6995293080806733,
            "max": 1.978865017493566,
            "count": 635
        },
        "Drone.Losses.GAILLoss.mean": {
            "value": 0.01585192810744047,
            "min": 0.013088360739250978,
            "max": 0.7239939391613006,
            "count": 635
        },
        "Drone.Losses.GAILLoss.sum": {
            "value": 0.03170385621488094,
            "min": 0.013088360739250978,
            "max": 1.1200425883134206,
            "count": 635
        },
        "Drone.Policy.GAILGradMagLoss.mean": {
            "value": 0.010015302097114424,
            "min": 0.008654261163125437,
            "max": 0.16496409823497135,
            "count": 635
        },
        "Drone.Policy.GAILGradMagLoss.sum": {
            "value": 0.02003060419422885,
            "min": 0.00881726147296528,
            "max": 0.32495213697354,
            "count": 635
        }
    },
    "metadata": {
        "timer_format_version": "0.1.0",
        "start_time_seconds": "1647562323",
        "python_version": "3.7.9 (tags/v3.7.9:13c94747c7, Aug 17 2020, 16:30:00) [MSC v.1900 64 bit (AMD64)]",
        "command_line_arguments": "C:\\Users\\bksie\\Documents\\Documents\\Source_Codes\\DroneMechanics\\venv\\venv\\Scripts\\mlagents-learn config/droneConfig.yaml --run-id=bora_pid_model --resume",
        "mlagents_version": "0.28.0",
        "mlagents_envs_version": "0.28.0",
        "communication_protocol_version": "1.5.0",
        "pytorch_version": "1.7.1+cu110",
        "numpy_version": "1.19.5",
        "end_time_seconds": "1647592018"
    },
    "total": 29695.407493500003,
    "count": 1,
    "self": 0.009135900003457209,
    "children": {
        "run_training.setup": {
            "total": 0.22163280000000007,
            "count": 1,
            "self": 0.22163280000000007
        },
        "TrainerController.start_learning": {
            "total": 29695.1767248,