{"count":1,"self":200.2170112,"total":1045.4692614,"children":{"InitializeActuators":{"count":12,"self":0.0019971999999999998,"total":0.0019971999999999998,"children":null},"InitializeSensors":{"count":12,"self":0.0039999,"total":0.0039999,"children":null},"AgentSendState":{"count":161284,"self":3.1131851999999998,"total":13.833415899999999,"children":{"CollectObservations":{"count":387084,"self":1.5533266,"total":1.5533266,"children":null},"WriteActionMask":{"count":387084,"self":0.5893773,"total":0.5893773,"children":null},"RequestDecision":{"count":387084,"self":1.7692044,"total":8.5775268,"children":{"AgentInfo.ToProto":{"count":387084,"self":1.8993967999999999,"total":6.8083224,"children":{"GenerateSensorData":{"count":387084,"self":4.9089256,"total":4.9089256,"children":null}}}}}}},"DecideAction":{"count":161284,"self":821.436416,"total":821.43643779999991,"children":null},"AgentAct":{"count":161284,"self":9.8880824,"total":9.974406,"children":{"AgentInfo.ToProto":{"count":2015,"self":0.019682599999999998,"total":0.086323299999999992,"children":{"GenerateSensorData":{"count":2015,"self":0.0666407,"total":0.0666407,"children":null}}}}}},"gauges":{"3DBall.CumulativeReward":{"count":2015,"max":100.099045,"min":0.100000165,"runningAverage":18.0692253,"value":100.099045,"weightedAverage":100.097862}},"metadata":{"timer_format_version":"0.1.0","start_time_seconds":"1646735183","unity_version":"2020.3.27f1","command_line_arguments":"C:\\Program Files\\Unity\\Hub\\Editor\\2020.3.27f1\\Editor\\Unity.exe -projectpath C:\\Users\\bksie\\Documents\\Documents\\Source_Codes\\DroneMechanics -useHub -hubIPC -cloudEnvironment production -licensingIpc LicenseClient-bksie -hubSessionId 30a96940-9df5-11ec-aa1d-4b9d63504ad4","communication_protocol_version":"1.5.0","com.unity.ml-agents_version":"2.0.1","scene_name":"3DBall","end_time_seconds":"1646736228"}}